sub,stim,trial,choice,fb
401,1,1,1,1
401,0,2,0,0
401,NaN,3,NaN,NaN
401,1,4,0,1
401,1,5,1,1
401,0,6,1,0
401,0,7,0,0
401,0,8,1,0
401,1,9,1,1
401,NaN,10,NaN,NaN
401,1,11,1,1
401,1,12,1,1
401,0,13,0,0
401,1,14,1,1
401,0,15,0,0
401,0,16,1,0
401,1,17,1,1
401,1,18,0,1
401,1,19,1,1
401,1,20,1,1
401,1,21,1,1
401,0,22,1,0
401,1,23,0,1
401,0,24,1,0
401,1,25,1,1
401,0,26,0,0
401,0,27,1,0
401,0,28,1,0
401,0,29,1,0
401,1,30,0,1
401,0,31,1,0
401,1,32,0,1
401,0,33,0,0
401,0,34,1,0
401,1,35,1,1
401,0,36,1,0
401,0,37,0,0
401,1,38,1,1
401,1,39,0,1
401,0,40,1,0
401,1,41,0,1
401,0,42,0,0
401,1,43,0,1
401,0,44,1,0
401,1,45,1,1
401,0,46,0,0
401,1,47,1,1
401,NaN,48,NaN,NaN
401,0,49,1,0
401,0,50,1,0
401,0,51,0,0
401,0,52,1,0
401,1,53,1,1
401,NaN,54,NaN,NaN
401,1,55,1,1
401,1,56,0,1
401,0,57,0,0
401,1,58,1,1
401,1,59,0,1
401,0,60,1,0
401,1,61,1,1
401,1,62,0,1
401,0,63,0,0
401,1,64,0,1
401,0,65,1,0
401,1,66,0,1
401,1,67,0,1
401,1,68,1,1
401,1,69,1,1
401,1,70,0,1
401,1,71,1,1
401,1,72,1,1
401,1,73,0,1
401,1,74,1,1
401,1,75,0,1
401,1,76,1,1
401,0,77,0,0
401,1,78,1,1
401,1,79,1,1
401,1,80,0,1
401,0,81,1,0
401,1,82,0,1
401,1,83,1,1
401,1,84,0,1
401,0,85,0,0
401,0,86,1,0
401,1,87,0,1
401,0,88,0,0
401,1,89,0,1
401,0,90,1,0
401,0,91,1,0
401,1,92,1,1
401,1,93,0,1
401,1,94,0,1
401,1,95,1,1
401,1,96,0,1
401,1,97,0,1
401,0,98,0,0
401,1,99,1,1
401,0,100,0,0
401,0,101,0,0
401,1,102,0,1
401,1,103,0,1
401,1,104,1,1
401,1,105,0,1
401,1,106,1,1
401,1,107,0,1
401,1,108,1,1
401,0,109,0,0
401,1,110,1,1
401,1,111,0,1
401,1,112,0,1
401,0,113,1,0
401,0,114,0,0
401,1,115,0,1
401,1,116,1,1
401,1,117,1,1
401,0,118,0,0
401,1,119,1,1
401,NaN,120,NaN,NaN
401,4,1,1,1
401,2,2,0,0
401,1,3,NaN,NaN
401,3,4,0,1
401,2,5,1,1
401,1,6,1,0
401,2,7,0,0
401,1,8,1,0
401,4,9,1,1
401,3,10,NaN,NaN
401,2,11,1,1
401,3,12,1,1
401,2,13,0,0
401,1,14,1,1
401,4,15,0,0
401,3,16,1,0
401,4,17,1,1
401,3,18,0,1
401,4,19,1,1
401,1,20,1,1
401,4,21,1,1
401,1,22,1,0
401,2,23,0,1
401,1,24,1,0
401,3,25,1,1
401,2,26,0,0
401,1,27,1,0
401,3,28,1,0
401,4,29,1,0
401,3,30,0,1
401,1,31,1,0
401,3,32,0,1
401,1,33,0,0
401,4,34,1,0
401,2,35,1,1
401,1,36,1,0
401,2,37,0,0
401,4,38,1,1
401,1,39,0,1
401,3,40,1,0
401,1,41,0,1
401,2,42,0,0
401,1,43,0,1
401,2,44,1,0
401,4,45,1,1
401,3,46,0,0
401,4,47,1,1
401,3,48,NaN,NaN
401,4,49,1,0
401,3,50,1,0
401,2,51,0,0
401,3,52,1,0
401,4,53,1,1
401,2,54,NaN,NaN
401,4,55,1,1
401,3,56,0,1
401,2,57,0,0
401,4,58,1,1
401,2,59,0,1
401,1,60,1,0
401,4,61,1,1
401,1,62,0,1
401,2,63,0,0
401,1,64,0,1
401,4,65,1,0
401,2,66,0,1
401,1,67,0,1
401,4,68,1,1
401,2,69,1,1
401,3,70,0,1
401,4,71,1,1
401,1,72,1,1
401,3,73,0,1
401,4,74,1,1
401,3,75,0,1
401,2,76,1,1
401,3,77,0,0
401,4,78,1,1
401,2,79,1,1
401,3,80,0,1
401,1,81,1,0
401,2,82,0,1
401,4,83,1,1
401,1,84,0,1
401,2,85,0,0
401,4,86,1,0
401,3,87,0,1
401,2,88,0,0
401,3,89,0,1
401,1,90,1,0
401,1,91,1,0
401,2,92,1,1
401,1,93,0,1
401,3,94,0,1
401,2,95,1,1
401,3,96,0,1
401,2,97,0,1
401,3,98,0,0
401,4,99,1,1
401,2,100,0,0
401,1,101,0,0
401,3,102,0,1
401,1,103,0,1
401,4,104,1,1
401,1,105,0,1
401,4,106,1,1
401,3,107,0,1
401,4,108,1,1
401,3,109,0,0
401,4,110,1,1
401,1,111,0,1
401,3,112,0,1
401,4,113,1,0
401,2,114,0,0
401,3,115,0,1
401,4,116,1,1
401,2,117,1,1
401,1,118,0,0
401,2,119,1,1
401,1,120,NaN,NaN
402,4,1,0,0
402,1,2,1,0
402,2,3,1,1
402,1,4,1,0
402,4,5,1,0
402,2,6,0,1
402,1,7,1,0
402,4,8,1,1
402,2,9,1,1
402,3,10,0,1
402,4,11,0,0
402,1,12,0,0
402,3,13,NaN,NaN
402,4,14,NaN,NaN
402,3,15,0,1
402,2,16,1,1
402,3,17,0,0
402,4,18,1,1
402,2,19,0,0
402,3,20,0,1
402,1,21,1,0
402,2,22,0,1
402,4,23,1,1
402,1,24,1,0
402,2,25,0,0
402,4,26,1,0
402,3,27,0,1
402,2,28,1,1
402,3,29,1,0
402,1,30,1,0
402,1,31,1,0
402,2,32,0,0
402,1,33,1,0
402,3,34,0,1
402,2,35,1,1
402,3,36,1,0
402,2,37,1,0
402,3,38,0,0
402,4,39,1,1
402,2,40,0,0
402,1,41,1,1
402,3,42,0,1
402,1,43,1,0
402,4,44,0,0
402,1,45,1,0
402,4,46,0,0
402,3,47,1,0
402,4,48,0,0
402,3,49,0,0
402,4,50,1,1
402,1,51,1,0
402,3,52,1,0
402,4,53,1,0
402,2,54,0,0
402,3,55,0,1
402,4,56,1,1
402,2,57,1,1
402,1,58,1,1
402,2,59,1,1
402,1,60,1,0
402,4,61,0,0
402,2,62,1,1
402,1,63,1,0
402,3,64,0,1
402,2,65,1,1
402,1,66,1,0
402,2,67,1,1
402,1,68,0,1
402,4,69,0,0
402,3,70,1,0
402,2,71,1,1
402,3,72,0,0
402,2,73,1,1
402,1,74,0,0
402,4,75,0,0
402,3,76,1,0
402,4,77,0,0
402,3,78,1,0
402,4,79,1,1
402,1,80,0,0
402,4,81,1,1
402,1,82,0,1
402,2,83,1,0
402,1,84,1,0
402,3,85,0,0
402,2,86,1,1
402,1,87,1,0
402,3,88,0,1
402,4,89,1,0
402,3,90,0,1
402,1,91,0,1
402,3,92,1,0
402,1,93,0,0
402,4,94,1,0
402,2,95,1,1
402,1,96,1,0
402,2,97,1,1
402,4,98,0,0
402,1,99,1,0
402,3,100,0,1
402,1,101,0,1
402,2,102,1,1
402,1,103,0,1
402,2,104,1,0
402,4,105,1,1
402,3,106,0,0
402,4,107,1,1
402,3,108,0,1
402,4,109,0,1
402,3,110,0,1
402,2,111,1,1
402,3,112,0,1
402,4,113,1,1
402,2,114,1,1
402,4,115,0,0
402,3,116,0,1
402,2,117,1,1
402,4,118,0,0
402,2,119,1,0
402,1,120,0,1
405,2,1,1,0
405,4,2,1,1
405,2,3,0,1
405,1,4,1,0
405,4,5,1,1
405,1,6,0,1
405,4,7,1,0
405,1,8,0,0
405,3,9,0,0
405,4,10,NaN,NaN
405,2,11,0,0
405,1,12,0,1
405,2,13,1,0
405,3,14,1,1
405,2,15,1,0
405,3,16,1,1
405,1,17,0,1
405,3,18,NaN,NaN
405,1,19,0,0
405,3,20,NaN,NaN
405,2,21,NaN,NaN
405,1,22,1,0
405,3,23,1,0
405,4,24,1,1
405,1,25,0,1
405,3,26,0,0
405,4,27,1,1
405,2,28,0,0
405,4,29,1,1
405,2,30,1,0
405,3,31,1,1
405,2,32,0,1
405,4,33,1,1
405,2,34,0,1
405,3,35,1,0
405,4,36,1,0
405,2,37,0,1
405,3,38,1,1
405,4,39,1,1
405,1,40,0,1
405,3,41,0,0
405,2,42,0,0
405,1,43,0,1
405,3,44,1,1
405,1,45,0,1
405,4,46,1,1
405,1,47,0,0
405,3,48,1,1
405,4,49,1,1
405,1,50,0,1
405,2,51,0,1
405,4,52,1,0
405,3,53,1,1
405,2,54,0,1
405,4,55,1,1
405,3,56,1,0
405,1,57,0,1
405,4,58,1,1
405,1,59,0,1
405,2,60,0,1
405,2,61,0,1
405,1,62,0,1
405,2,63,0,0
405,3,64,1,0
405,4,65,1,1
405,2,66,0,1
405,4,67,1,1
405,3,68,1,1
405,2,69,0,1
405,1,70,NaN,NaN
405,2,71,0,1
405,4,72,1,1
405,2,73,0,1
405,4,74,1,0
405,3,75,1,1
405,1,76,0,0
405,3,77,1,1
405,1,78,0,1
405,3,79,1,0
405,1,80,0,1
405,4,81,1,1
405,1,82,0,1
405,3,83,1,1
405,4,84,1,1
405,3,85,1,1
405,1,86,0,1
405,4,87,1,1
405,3,88,1,1
405,4,89,1,0
405,2,90,0,1
405,3,91,1,1
405,4,92,1,1
405,2,93,0,1
405,1,94,0,1
405,4,95,1,1
405,2,96,0,1
405,4,97,1,1
405,2,98,0,1
405,3,99,1,1
405,1,100,0,1
405,4,101,1,1
405,1,102,0,0
405,4,103,1,1
405,2,104,0,0
405,3,105,1,1
405,1,106,0,1
405,3,107,1,1
405,1,108,0,1
405,3,109,1,1
405,2,110,0,0
405,3,111,1,1
405,2,112,0,1
405,4,113,1,0
405,2,114,0,1
405,1,115,0,0
405,4,116,1,1
405,2,117,0,1
405,1,118,0,1
405,3,119,1,0
405,1,120,0,1
406,3,1,0,1
406,1,2,1,1
406,3,3,0,1
406,4,4,1,0
406,1,5,1,1
406,4,6,0,1
406,1,7,1,0
406,4,8,0,0
406,2,9,1,1
406,1,10,0,0
406,3,11,0,0
406,4,12,0,1
406,3,13,1,0
406,2,14,NaN,NaN
406,3,15,1,0
406,2,16,1,1
406,4,17,0,1
406,2,18,1,1
406,4,19,0,0
406,2,20,0,0
406,3,21,NaN,NaN
406,4,22,0,1
406,2,23,1,0
406,1,24,0,0
406,4,25,NaN,NaN
406,2,26,1,1
406,1,27,1,1
406,3,28,0,0
406,1,29,1,1
406,3,30,1,0
406,2,31,NaN,NaN
406,1,32,1,1
406,3,33,0,1
406,4,34,1,0
406,1,35,1,1
406,3,36,0,1
406,1,37,1,1
406,3,38,0,1
406,2,39,1,1
406,4,40,1,0
406,1,41,1,1
406,4,42,0,0
406,1,43,1,1
406,3,44,NaN,NaN
406,2,45,1,1
406,4,46,1,0
406,2,47,1,1
406,4,48,0,1
406,2,49,1,1
406,3,50,0,0
406,2,51,1,1
406,3,52,1,0
406,1,53,1,0
406,3,54,1,0
406,4,55,1,1
406,1,56,1,1
406,3,57,0,1
406,4,58,1,0
406,2,59,1,0
406,4,60,NaN,NaN
406,3,61,0,1
406,4,62,NaN,NaN
406,3,63,0,0
406,2,64,1,0
406,1,65,1,1
406,3,66,0,1
406,1,67,0,0
406,2,68,0,0
406,3,69,0,1
406,4,70,1,0
406,3,71,0,1
406,1,72,0,0
406,3,73,0,1
406,1,74,1,0
406,2,75,0,0
406,4,76,0,0
406,2,77,1,1
406,4,78,1,0
406,2,79,1,0
406,4,80,0,1
406,1,81,1,1
406,4,82,0,1
406,2,83,1,1
406,1,84,1,1
406,2,85,0,0
406,4,86,0,1
406,1,87,1,1
406,2,88,0,0
406,1,89,1,0
406,3,90,0,1
406,2,91,0,0
406,3,92,0,1
406,1,93,1,1
406,3,94,0,1
406,2,95,1,0
406,1,96,1,0
406,3,97,0,1
406,2,98,0,0
406,1,99,1,1
406,4,100,1,0
406,2,101,0,0
406,3,102,0,0
406,4,103,0,1
406,2,104,0,0
406,4,105,0,1
406,1,106,0,0
406,4,107,0,0
406,2,108,0,0
406,1,109,1,1
406,4,110,1,0
406,3,111,0,1
406,1,112,1,0
406,2,113,0,0
406,3,114,0,1
406,1,115,1,1
406,2,116,1,0
406,4,117,0,1
406,1,118,1,1
406,4,119,0,1
406,3,120,0,1
407,3,1,1,0
407,1,2,0,0
407,3,3,0,1
407,4,4,0,1
407,1,5,1,1
407,4,6,0,1
407,1,7,1,0
407,4,8,0,0
407,2,9,1,1
407,1,10,NaN,NaN
407,3,11,0,0
407,4,12,0,1
407,3,13,1,0
407,2,14,0,0
407,3,15,1,0
407,2,16,1,1
407,4,17,1,0
407,2,18,0,0
407,4,19,1,1
407,2,20,0,0
407,3,21,1,0
407,4,22,NaN,NaN
407,2,23,0,1
407,1,24,1,1
407,4,25,0,1
407,2,26,1,1
407,1,27,1,1
407,3,28,1,1
407,1,29,1,1
407,3,30,1,0
407,2,31,0,0
407,3,32,0,1
407,1,33,0,0
407,3,34,0,1
407,2,35,0,1
407,1,36,1,0
407,3,37,1,0
407,2,38,1,1
407,1,39,0,0
407,4,40,1,0
407,2,41,0,0
407,3,42,0,0
407,4,43,1,0
407,2,44,0,0
407,4,45,1,0
407,1,46,0,0
407,4,47,0,0
407,2,48,1,1
407,1,49,0,0
407,4,50,1,0
407,3,51,0,1
407,1,52,0,1
407,2,53,0,0
407,3,54,1,0
407,1,55,0,0
407,2,56,1,0
407,4,57,0,1
407,1,58,0,0
407,4,59,0,1
407,3,60,1,0
407,3,61,1,0
407,4,62,0,1
407,3,63,0,0
407,2,64,1,0
407,1,65,0,0
407,3,66,1,0
407,1,67,0,0
407,2,68,0,0
407,3,69,1,0
407,4,70,0,1
407,3,71,1,0
407,1,72,0,0
407,3,73,0,1
407,1,74,1,0
407,2,75,0,0
407,4,76,0,0
407,2,77,1,1
407,4,78,0,1
407,2,79,1,0
407,4,80,0,1
407,1,81,0,0
407,4,82,0,1
407,2,83,0,0
407,1,84,1,1
407,2,85,1,1
407,4,86,0,1
407,1,87,1,1
407,2,88,0,0
407,1,89,0,1
407,3,90,1,0
407,2,91,0,0
407,1,92,0,0
407,3,93,1,0
407,4,94,0,1
407,1,95,0,0
407,3,96,1,0
407,1,97,0,0
407,3,98,1,0
407,2,99,0,0
407,4,100,1,0
407,1,101,0,0
407,4,102,1,1
407,1,103,1,1
407,3,104,1,1
407,2,105,1,1
407,4,106,1,0
407,2,107,0,0
407,4,108,1,0
407,2,109,0,0
407,3,110,1,1
407,2,111,0,0
407,3,112,NaN,NaN
407,1,113,NaN,NaN
407,3,114,0,1
407,4,115,1,1
407,1,116,0,0
407,3,117,NaN,NaN
407,4,118,0,1
407,2,119,1,0
407,4,120,0,1
408,2,1,0,1
408,1,2,NaN,NaN
408,2,3,0,0
408,3,4,1,0
408,4,5,NaN,NaN
408,2,6,1,0
408,4,7,1,1
408,3,8,0,0
408,2,9,0,1
408,1,10,1,0
408,2,11,0,1
408,4,12,1,1
408,2,13,0,1
408,4,14,1,0
408,3,15,1,1
408,1,16,1,1
408,3,17,1,1
408,1,18,1,0
408,3,19,1,0
408,1,20,1,0
408,4,21,0,0
408,1,22,1,0
408,3,23,1,1
408,4,24,1,1
408,3,25,0,0
408,1,26,0,1
408,4,27,1,1
408,3,28,0,0
408,4,29,1,0
408,2,30,0,1
408,3,31,1,1
408,2,32,0,1
408,4,33,1,1
408,2,34,0,1
408,3,35,0,1
408,4,36,1,0
408,2,37,1,0
408,3,38,1,1
408,4,39,1,1
408,1,40,1,0
408,3,41,1,1
408,2,42,0,0
408,1,43,1,0
408,3,44,1,1
408,1,45,0,1
408,4,46,1,1
408,1,47,0,0
408,3,48,1,1
408,4,49,1,1
408,1,50,0,1
408,2,51,0,1
408,4,52,1,0
408,3,53,1,1
408,2,54,0,1
408,4,55,1,1
408,3,56,1,0
408,1,57,0,1
408,4,58,1,1
408,1,59,0,1
408,2,60,0,1
408,2,61,0,1
408,4,62,1,1
408,2,63,0,1
408,1,64,1,0
408,4,65,1,1
408,1,66,0,1
408,4,67,1,0
408,1,68,0,0
408,3,69,1,1
408,4,70,0,0
408,2,71,0,0
408,1,72,0,1
408,2,73,0,1
408,3,74,0,0
408,2,75,0,1
408,3,76,1,1
408,1,77,0,1
408,3,78,1,1
408,1,79,0,0
408,3,80,1,1
408,2,81,0,1
408,1,82,0,1
408,3,83,1,0
408,4,84,1,1
408,1,85,0,1
408,3,86,1,1
408,4,87,1,1
408,2,88,0,0
408,4,89,1,1
408,2,90,0,1
408,3,91,1,1
408,4,92,1,1
408,2,93,0,1
408,1,94,0,1
408,4,95,1,1
408,2,96,0,1
408,4,97,1,1
408,2,98,0,1
408,3,99,1,1
408,1,100,0,1
408,4,101,1,1
408,1,102,0,0
408,4,103,1,1
408,2,104,0,0
408,3,105,1,1
408,1,106,0,1
408,3,107,1,1
408,1,108,0,1
408,3,109,1,1
408,2,110,0,0
408,3,111,1,1
408,2,112,0,1
408,4,113,1,0
408,2,114,0,1
408,1,115,0,0
408,4,116,1,1
408,2,117,0,1
408,1,118,0,1
408,3,119,1,0
408,1,120,0,1
409,2,1,0,1
409,1,2,1,0
409,2,3,0,0
409,3,4,1,0
409,4,5,0,0
409,2,6,0,1
409,4,7,1,1
409,3,8,0,0
409,2,9,0,1
409,1,10,0,1
409,2,11,0,1
409,4,12,1,1
409,2,13,0,1
409,4,14,1,0
409,3,15,1,1
409,1,16,0,0
409,3,17,1,1
409,1,18,0,1
409,3,19,1,0
409,1,20,0,1
409,4,21,1,1
409,1,22,0,1
409,3,23,1,1
409,4,24,1,1
409,3,25,1,1
409,1,26,0,1
409,4,27,1,1
409,3,28,1,1
409,4,29,1,0
409,2,30,0,1
409,3,31,1,1
409,4,32,1,1
409,2,33,0,1
409,1,34,0,1
409,4,35,1,1
409,2,36,0,1
409,4,37,1,1
409,2,38,0,1
409,3,39,1,1
409,1,40,0,1
409,4,41,1,1
409,1,42,0,0
409,4,43,1,1
409,2,44,0,0
409,3,45,1,1
409,1,46,0,1
409,3,47,1,1
409,1,48,0,1
409,3,49,1,1
409,2,50,0,0
409,3,51,1,1
409,2,52,0,1
409,4,53,1,0
409,2,54,0,1
409,1,55,0,0
409,4,56,1,1
409,2,57,0,1
409,1,58,0,1
409,3,59,1,0
409,1,60,0,1
409,2,61,0,1
409,4,62,1,1
409,2,63,0,1
409,1,64,0,1
409,4,65,1,1
409,1,66,0,1
409,4,67,1,0
409,1,68,0,0
409,3,69,1,1
409,4,70,1,1
409,2,71,0,0
409,1,72,0,1
409,2,73,0,1
409,3,74,1,1
409,2,75,0,1
409,3,76,1,1
409,1,77,0,1
409,3,78,1,1
409,1,79,0,0
409,3,80,1,1
409,2,81,0,1
409,1,82,0,1
409,3,83,1,0
409,4,84,1,1
409,1,85,0,1
409,3,86,1,1
409,4,87,1,1
409,2,88,0,0
409,4,89,1,1
409,2,90,0,1
409,3,91,1,1
409,2,92,0,1
409,4,93,1,1
409,2,94,0,1
409,3,95,1,0
409,4,96,1,0
409,2,97,0,1
409,3,98,1,1
409,4,99,1,1
409,1,100,0,1
409,3,101,1,1
409,2,102,0,0
409,1,103,0,1
409,3,104,1,1
409,1,105,0,1
409,4,106,1,1
409,1,107,0,0
409,3,108,1,1
409,4,109,1,1
409,1,110,0,1
409,2,111,0,1
409,4,112,1,0
409,3,113,1,1
409,2,114,0,1
409,4,115,1,1
409,3,116,1,0
409,1,117,0,1
409,4,118,1,1
409,1,119,0,1
409,2,120,0,1
410,2,1,0,1
410,1,2,0,1
410,2,3,1,1
410,3,4,0,1
410,4,5,1,1
410,2,6,NaN,NaN
410,4,7,1,1
410,3,8,0,0
410,2,9,0,1
410,1,10,1,0
410,2,11,0,1
410,4,12,1,1
410,2,13,1,0
410,4,14,1,0
410,3,15,0,0
410,1,16,0,0
410,3,17,1,1
410,1,18,1,0
410,3,19,1,0
410,1,20,0,1
410,4,21,0,0
410,1,22,0,1
410,3,23,0,0
410,4,24,0,0
410,3,25,1,1
410,1,26,1,0
410,4,27,0,0
410,3,28,1,1
410,4,29,0,1
410,2,30,1,0
410,3,31,0,0
410,2,32,1,0
410,4,33,1,1
410,2,34,0,1
410,3,35,1,0
410,4,36,1,0
410,2,37,1,0
410,3,38,1,1
410,4,39,0,0
410,1,40,0,1
410,3,41,1,1
410,2,42,1,1
410,1,43,1,0
410,3,44,0,0
410,1,45,1,0
410,4,46,1,1
410,1,47,0,0
410,3,48,0,0
410,4,49,1,1
410,1,50,1,0
410,2,51,1,0
410,4,52,1,0
410,3,53,0,0
410,2,54,1,0
410,4,55,0,0
410,3,56,0,1
410,1,57,0,1
410,4,58,1,1
410,1,59,1,0
410,2,60,1,0
410,2,61,0,1
410,4,62,1,1
410,2,63,0,1
410,1,64,0,1
410,4,65,1,1
410,1,66,0,1
410,4,67,1,0
410,1,68,1,1
410,3,69,0,0
410,4,70,NaN,NaN
410,2,71,1,1
410,1,72,0,1
410,2,73,1,0
410,3,74,1,1
410,2,75,0,1
410,3,76,0,0
410,1,77,1,0
410,3,78,1,1
410,1,79,1,1
410,3,80,0,0
410,2,81,0,1
410,1,82,0,1
410,3,83,0,1
410,4,84,0,0
410,1,85,0,1
410,3,86,0,0
410,4,87,1,1
410,2,88,0,0
410,4,89,1,1
410,2,90,1,0
410,3,91,NaN,NaN
410,4,92,1,1
410,2,93,0,1
410,1,94,0,1
410,4,95,1,1
410,2,96,0,1
410,4,97,1,1
410,2,98,0,1
410,3,99,1,1
410,1,100,0,1
410,4,101,1,1
410,1,102,0,0
410,4,103,0,0
410,2,104,0,0
410,3,105,0,0
410,1,106,1,0
410,3,107,1,1
410,1,108,0,1
410,3,109,1,1
410,2,110,1,1
410,3,111,1,1
410,2,112,1,0
410,4,113,1,0
410,2,114,0,1
410,1,115,0,0
410,4,116,0,0
410,2,117,0,1
410,1,118,1,0
410,3,119,1,0
410,1,120,1,0
411,1,1,1,1
411,4,2,1,0
411,3,3,0,0
411,4,4,1,0
411,1,5,1,0
411,3,6,1,0
411,4,7,1,0
411,1,8,0,0
411,3,9,1,1
411,2,10,0,1
411,1,11,0,0
411,4,12,1,1
411,2,13,0,1
411,1,14,1,1
411,2,15,0,1
411,3,16,1,1
411,2,17,0,0
411,1,18,1,1
411,3,19,1,1
411,2,20,1,0
411,4,21,0,1
411,3,22,1,0
411,1,23,1,1
411,4,24,1,0
411,3,25,0,0
411,1,26,1,0
411,2,27,0,1
411,3,28,1,1
411,2,29,1,0
411,4,30,0,1
411,4,31,0,1
411,3,32,1,1
411,4,33,0,1
411,2,34,0,1
411,3,35,1,1
411,2,36,0,1
411,3,37,1,0
411,2,38,0,0
411,1,39,0,0
411,3,40,0,0
411,4,41,0,0
411,2,42,1,0
411,4,43,0,1
411,1,44,0,0
411,4,45,0,1
411,1,46,0,0
411,2,47,0,1
411,1,48,1,1
411,2,49,1,1
411,1,50,0,0
411,4,51,0,1
411,2,52,1,0
411,1,53,0,1
411,3,54,1,1
411,2,55,0,1
411,1,56,0,0
411,3,57,1,1
411,4,58,0,0
411,3,59,1,1
411,4,60,0,1
411,1,61,0,0
411,3,62,1,1
411,4,63,0,1
411,2,64,1,0
411,3,65,1,1
411,4,66,0,1
411,3,67,1,1
411,4,68,0,1
411,1,69,1,1
411,2,70,0,1
411,3,71,1,1
411,2,72,0,0
411,3,73,1,1
411,4,74,0,0
411,1,75,1,1
411,2,76,1,0
411,1,77,1,1
411,2,78,0,1
411,1,79,1,1
411,4,80,0,0
411,1,81,1,1
411,4,82,0,1
411,3,83,1,0
411,4,84,0,1
411,2,85,1,1
411,3,86,1,1
411,4,87,0,1
411,2,88,1,0
411,1,89,0,1
411,2,90,1,0
411,4,91,0,1
411,2,92,1,0
411,4,93,0,0
411,1,94,1,0
411,3,95,1,1
411,4,96,0,1
411,3,97,1,1
411,1,98,1,1
411,4,99,0,1
411,2,100,0,1
411,4,101,0,1
411,3,102,1,1
411,4,103,0,1
411,3,104,1,0
411,1,105,1,1
411,2,106,0,0
411,1,107,1,1
411,2,108,0,1
411,1,109,1,0
411,2,110,0,1
411,3,111,1,1
411,2,112,0,1
411,1,113,1,1
411,3,114,1,1
411,1,115,1,1
411,2,116,0,1
411,3,117,1,1
411,1,118,1,1
411,3,119,1,0
411,4,120,0,1
412,1,1,0,0
412,4,2,1,0
412,3,3,1,1
412,4,4,1,0
412,1,5,1,0
412,3,6,1,0
412,4,7,0,1
412,1,8,0,0
412,3,9,1,1
412,2,10,0,1
412,1,11,0,0
412,4,12,1,1
412,2,13,0,1
412,1,14,0,0
412,2,15,1,0
412,3,16,1,1
412,2,17,0,0
412,1,18,0,0
412,3,19,1,1
412,2,20,1,0
412,4,21,0,1
412,3,22,0,1
412,1,23,1,1
412,4,24,1,0
412,3,25,1,1
412,1,26,0,1
412,2,27,0,1
412,3,28,0,0
412,2,29,1,0
412,4,30,0,1
412,4,31,0,1
412,2,32,0,1
412,4,33,0,0
412,1,34,1,0
412,3,35,1,1
412,4,36,1,0
412,3,37,0,0
412,1,38,0,0
412,4,39,1,0
412,2,40,1,0
412,4,41,0,1
412,3,42,0,0
412,4,43,0,1
412,3,44,0,1
412,1,45,0,0
412,2,46,1,1
412,1,47,0,0
412,2,48,0,1
412,1,49,0,1
412,2,50,0,1
412,3,51,0,0
412,2,52,1,0
412,1,53,0,0
412,3,54,1,1
412,1,55,0,0
412,2,56,1,0
412,3,57,0,0
412,1,58,1,1
412,3,59,0,1
412,4,60,1,0
412,1,61,0,0
412,3,62,1,1
412,4,63,1,0
412,2,64,1,0
412,3,65,0,0
412,4,66,1,0
412,3,67,0,0
412,4,68,1,0
412,1,69,0,0
412,2,70,1,0
412,3,71,0,0
412,2,72,1,1
412,3,73,1,1
412,4,74,1,1
412,1,75,1,1
412,2,76,1,0
412,1,77,0,0
412,2,78,0,1
412,1,79,1,1
412,4,80,0,0
412,1,81,1,1
412,4,82,NaN,NaN
412,3,83,1,0
412,4,84,0,1
412,2,85,1,1
412,3,86,1,1
412,4,87,0,1
412,2,88,0,1
412,1,89,1,0
412,2,90,0,1
412,4,91,1,0
412,3,92,1,1
412,4,93,0,1
412,2,94,0,1
412,3,95,1,1
412,2,96,0,1
412,3,97,0,1
412,2,98,0,0
412,1,99,1,1
412,3,100,0,0
412,4,101,1,1
412,2,102,1,0
412,4,103,0,1
412,1,104,0,0
412,4,105,0,1
412,1,106,0,0
412,2,107,1,0
412,1,108,1,1
412,2,109,1,1
412,1,110,1,1
412,4,111,1,0
412,2,112,0,1
412,1,113,0,1
412,3,114,0,0
412,2,115,0,1
412,1,116,0,0
412,3,117,1,1
412,4,118,1,1
412,3,119,1,1
412,4,120,0,1
413,1,1,1,0
413,2,2,0,0
413,1,3,0,1
413,3,4,0,1
413,2,5,1,1
413,3,6,0,1
413,2,7,1,0
413,3,8,0,0
413,4,9,0,0
413,2,10,0,0
413,1,11,0,0
413,3,12,1,0
413,1,13,1,0
413,4,14,1,1
413,1,15,0,1
413,4,16,0,0
413,3,17,1,0
413,4,18,1,1
413,3,19,1,1
413,4,20,1,1
413,1,21,0,1
413,3,22,1,0
413,4,23,1,0
413,2,24,1,1
413,3,25,0,1
413,4,26,0,0
413,2,27,1,1
413,1,28,0,0
413,2,29,0,0
413,1,30,1,0
413,4,31,1,1
413,2,32,1,1
413,1,33,0,1
413,3,34,1,0
413,2,35,1,1
413,1,36,0,1
413,2,37,1,1
413,1,38,0,1
413,4,39,0,0
413,3,40,0,1
413,2,41,1,1
413,3,42,0,0
413,2,43,1,1
413,1,44,0,0
413,4,45,1,1
413,3,46,0,1
413,4,47,1,1
413,3,48,0,1
413,4,49,1,1
413,1,50,0,0
413,4,51,1,1
413,1,52,1,0
413,2,53,1,0
413,1,54,0,1
413,3,55,0,0
413,2,56,0,0
413,1,57,1,0
413,3,58,1,0
413,4,59,0,1
413,3,60,0,1
413,1,61,0,1
413,3,62,0,1
413,1,63,0,0
413,4,64,0,1
413,2,65,1,1
413,1,66,0,1
413,2,67,1,1
413,4,68,0,0
413,1,69,0,1
413,3,70,0,1
413,1,71,1,0
413,2,72,1,1
413,1,73,0,1
413,2,74,1,0
413,4,75,0,0
413,3,76,1,1
413,4,77,0,0
413,3,78,0,1
413,4,79,0,1
413,3,80,0,1
413,2,81,1,1
413,3,82,0,1
413,4,83,0,0
413,2,84,0,0
413,4,85,1,1
413,3,86,0,1
413,2,87,1,1
413,4,88,0,0
413,2,89,1,0
413,1,90,0,1
413,4,91,0,0
413,1,92,1,0
413,2,93,1,1
413,1,94,0,1
413,4,95,0,1
413,2,96,1,0
413,1,97,0,1
413,4,98,0,0
413,2,99,1,1
413,3,100,0,1
413,4,101,0,0
413,1,102,0,0
413,3,103,0,1
413,4,104,0,0
413,3,105,1,0
413,2,106,1,1
413,3,107,0,0
413,4,108,0,0
413,2,109,1,1
413,3,110,0,1
413,1,111,0,1
413,2,112,1,0
413,4,113,0,0
413,1,114,0,1
413,2,115,1,1
413,4,116,1,0
413,3,117,0,1
413,2,118,1,1
413,3,119,0,1
413,1,120,0,1
414,3,1,1,1
414,4,2,0,0
414,2,3,0,1
414,1,4,0,1
414,4,5,1,1
414,2,6,0,1
414,4,7,NaN,NaN
414,2,8,0,1
414,3,9,1,1
414,1,10,1,0
414,4,11,0,0
414,1,12,0,0
414,4,13,0,0
414,2,14,0,0
414,3,15,1,1
414,1,16,0,1
414,3,17,1,1
414,1,18,0,1
414,3,19,1,1
414,2,20,1,1
414,3,21,1,1
414,2,22,0,1
414,4,23,0,1
414,2,24,1,0
414,1,25,0,0
414,4,26,0,0
414,2,27,1,0
414,1,28,0,1
414,3,29,1,0
414,1,30,0,1
414,2,31,1,0
414,1,32,0,1
414,2,33,0,0
414,3,34,1,0
414,4,35,0,0
414,2,36,0,1
414,4,37,0,0
414,3,38,1,1
414,2,39,0,1
414,1,40,0,1
414,2,41,0,1
414,4,42,1,1
414,2,43,0,1
414,4,44,1,0
414,3,45,0,0
414,1,46,0,0
414,3,47,0,0
414,1,48,1,0
414,3,49,0,1
414,1,50,0,1
414,4,51,0,0
414,1,52,0,1
414,3,53,0,0
414,4,54,0,0
414,3,55,1,1
414,1,56,0,1
414,4,57,0,0
414,3,58,1,1
414,4,59,1,0
414,2,60,0,1
414,3,61,1,1
414,2,62,0,1
414,4,63,1,1
414,2,64,1,0
414,3,65,1,0
414,4,66,0,1
414,2,67,1,0
414,3,68,1,1
414,4,69,0,0
414,1,70,0,1
414,3,71,1,1
414,2,72,0,0
414,1,73,NaN,NaN
414,3,74,0,0
414,1,75,0,1
414,4,76,0,0
414,1,77,1,1
414,3,78,0,0
414,4,79,0,0
414,1,80,1,0
414,2,81,0,1
414,4,82,1,0
414,3,83,1,1
414,2,84,0,1
414,4,85,1,1
414,3,86,1,0
414,1,87,0,1
414,4,88,0,0
414,1,89,1,0
414,2,90,1,0
414,2,91,1,0
414,4,92,1,1
414,2,93,0,1
414,1,94,1,0
414,4,95,0,0
414,1,96,1,0
414,4,97,1,0
414,1,98,1,1
414,3,99,0,0
414,4,100,0,0
414,2,101,1,1
414,1,102,1,0
414,2,103,0,1
414,3,104,1,1
414,2,105,1,0
414,3,106,NaN,NaN
414,1,107,0,1
414,3,108,0,0
414,1,109,1,1
414,3,110,1,1
414,2,111,1,0
414,1,112,1,0
414,3,113,1,0
414,4,114,0,0
414,1,115,1,0
414,3,116,1,1
414,4,117,0,0
414,2,118,1,1
414,4,119,1,1
414,2,120,1,0
415,3,1,0,1
415,1,2,1,1
415,3,3,0,1
415,4,4,0,1
415,1,5,1,1
415,4,6,0,1
415,1,7,1,0
415,4,8,1,1
415,2,9,0,0
415,1,10,1,1
415,3,11,0,0
415,4,12,1,0
415,3,13,0,1
415,2,14,0,0
415,3,15,0,1
415,2,16,1,1
415,4,17,0,1
415,2,18,0,0
415,4,19,0,0
415,2,20,1,1
415,3,21,0,1
415,4,22,1,0
415,2,23,1,0
415,1,24,1,1
415,4,25,0,1
415,2,26,1,1
415,1,27,1,1
415,3,28,0,0
415,1,29,1,1
415,3,30,1,0
415,2,31,0,0
415,3,32,1,0
415,1,33,1,1
415,3,34,0,1
415,2,35,1,0
415,1,36,0,1
415,3,37,1,0
415,2,38,1,1
415,1,39,0,0
415,4,40,0,1
415,2,41,1,1
415,3,42,0,0
415,4,43,1,0
415,2,44,1,1
415,4,45,0,1
415,1,46,1,1
415,4,47,0,0
415,2,48,1,1
415,1,49,0,0
415,4,50,0,1
415,3,51,1,0
415,1,52,1,0
415,2,53,1,1
415,3,54,0,1
415,1,55,1,1
415,2,56,1,0
415,4,57,0,1
415,1,58,1,1
415,4,59,1,0
415,3,60,1,0
415,3,61,0,1
415,4,62,1,0
415,3,63,0,0
415,2,64,1,0
415,1,65,1,1
415,3,66,1,0
415,1,67,1,1
415,2,68,1,1
415,3,69,1,0
415,4,70,1,0
415,3,71,0,1
415,1,72,0,0
415,3,73,1,0
415,1,74,0,1
415,2,75,1,1
415,4,76,0,0
415,2,77,0,0
415,4,78,0,1
415,2,79,1,0
415,4,80,1,0
415,1,81,0,0
415,4,82,0,1
415,2,83,1,1
415,1,84,1,1
415,2,85,1,1
415,4,86,0,1
415,1,87,1,1
415,2,88,1,1
415,1,89,1,0
415,3,90,0,1
415,2,91,1,1
415,1,92,1,1
415,3,93,0,1
415,4,94,0,1
415,1,95,1,1
415,3,96,0,1
415,1,97,1,1
415,3,98,0,1
415,2,99,0,0
415,4,100,0,1
415,1,101,1,1
415,4,102,0,0
415,1,103,1,1
415,3,104,0,0
415,2,105,0,0
415,4,106,1,0
415,2,107,0,0
415,4,108,0,1
415,2,109,1,1
415,3,110,0,0
415,2,111,1,1
415,3,112,1,0
415,1,113,1,0
415,3,114,0,1
415,4,115,0,0
415,1,116,1,1
415,3,117,0,1
415,4,118,0,1
415,2,119,1,0
415,4,120,0,1
416,1,1,1,1
416,4,2,0,1
416,3,3,0,0
416,4,4,0,1
416,1,5,1,0
416,3,6,1,0
416,4,7,1,0
416,1,8,1,1
416,3,9,1,1
416,2,10,0,1
416,1,11,1,1
416,4,12,0,0
416,2,13,0,1
416,1,14,1,1
416,2,15,0,1
416,3,16,1,1
416,2,17,0,0
416,1,18,1,1
416,3,19,1,1
416,2,20,0,1
416,4,21,0,1
416,3,22,1,0
416,1,23,1,1
416,4,24,0,1
416,3,25,0,0
416,1,26,0,1
416,2,27,0,1
416,3,28,1,1
416,2,29,0,1
416,4,30,0,1
416,4,31,0,1
416,3,32,1,1
416,4,33,0,1
416,2,34,0,1
416,3,35,1,1
416,2,36,0,1
416,3,37,1,0
416,2,38,0,0
416,1,39,1,1
416,3,40,1,1
416,4,41,0,0
416,2,42,0,1
416,4,43,0,1
416,1,44,1,1
416,4,45,0,1
416,1,46,0,0
416,2,47,0,1
416,1,48,0,0
416,2,49,0,0
416,1,50,0,0
416,4,51,1,0
416,2,52,0,1
416,1,53,0,1
416,3,54,1,1
416,2,55,0,1
416,1,56,0,0
416,3,57,1,1
416,4,58,0,0
416,3,59,1,1
416,4,60,0,1
416,1,61,0,0
416,3,62,1,1
416,4,63,0,1
416,2,64,0,1
416,3,65,1,1
416,4,66,0,1
416,3,67,1,1
416,4,68,0,1
416,1,69,1,1
416,2,70,0,1
416,3,71,1,1
416,2,72,0,0
416,3,73,1,1
416,4,74,0,0
416,1,75,1,1
416,2,76,1,0
416,1,77,0,0
416,2,78,0,1
416,1,79,0,0
416,4,80,0,0
416,1,81,1,1
416,4,82,1,0
416,3,83,0,1
416,4,84,0,1
416,2,85,1,1
416,3,86,0,0
416,4,87,1,0
416,2,88,0,1
416,1,89,1,0
416,2,90,0,1
416,4,91,0,1
416,2,92,0,1
416,4,93,1,1
416,1,94,0,1
416,3,95,1,1
416,4,96,0,1
416,3,97,1,1
416,1,98,0,0
416,4,99,0,1
416,2,100,1,0
416,4,101,0,1
416,3,102,1,1
416,4,103,0,1
416,3,104,0,1
416,1,105,1,1
416,2,106,0,0
416,1,107,1,1
416,2,108,0,1
416,1,109,1,0
416,2,110,1,0
416,3,111,0,0
416,2,112,1,0
416,1,113,0,0
416,3,114,1,1
416,1,115,1,1
416,2,116,0,1
416,3,117,1,1
416,1,118,0,0
416,3,119,1,0
416,4,120,1,0
417,1,1,1,0
417,3,2,1,0
417,1,3,0,0
417,4,4,0,1
417,2,5,0,0
417,1,6,1,0
417,2,7,1,1
417,4,8,0,0
417,1,9,0,1
417,3,10,1,0
417,1,11,0,1
417,2,12,0,0
417,1,13,0,1
417,2,14,1,0
417,4,15,1,1
417,3,16,0,0
417,4,17,1,1
417,3,18,1,0
417,4,19,1,0
417,3,20,0,1
417,2,21,1,1
417,3,22,0,1
417,4,23,1,1
417,2,24,1,1
417,4,25,1,1
417,3,26,0,1
417,2,27,1,1
417,4,28,1,1
417,2,29,1,0
417,1,30,0,1
417,4,31,1,1
417,2,32,0,0
417,1,33,1,0
417,3,34,0,1
417,2,35,0,0
417,1,36,0,1
417,2,37,1,1
417,1,38,1,0
417,4,39,1,1
417,3,40,0,1
417,2,41,1,1
417,3,42,0,0
417,2,43,1,1
417,1,44,0,0
417,4,45,1,1
417,3,46,0,1
417,4,47,1,1
417,3,48,0,1
417,4,49,1,1
417,1,50,1,1
417,4,51,1,1
417,1,52,1,0
417,2,53,1,0
417,1,54,0,1
417,3,55,0,0
417,2,56,1,1
417,1,57,1,0
417,3,58,0,1
417,4,59,1,0
417,3,60,0,1
417,1,61,1,0
417,2,62,0,0
417,1,63,0,1
417,3,64,0,1
417,2,65,1,1
417,3,66,0,1
417,2,67,1,0
417,3,68,0,0
417,4,69,1,1
417,2,70,1,1
417,1,71,0,0
417,3,72,0,1
417,1,73,1,0
417,4,74,1,1
417,1,75,0,1
417,4,76,1,1
417,3,77,0,1
417,4,78,1,1
417,3,79,0,0
417,4,80,1,1
417,1,81,0,1
417,3,82,0,1
417,4,83,1,0
417,2,84,1,1
417,3,85,0,1
417,4,86,1,1
417,2,87,1,1
417,1,88,1,1
417,2,89,1,1
417,1,90,1,0
417,4,91,1,1
417,1,92,0,1
417,2,93,1,1
417,1,94,0,1
417,4,95,0,1
417,2,96,1,0
417,1,97,0,1
417,4,98,1,1
417,2,99,0,0
417,3,100,0,1
417,4,101,1,1
417,1,102,0,0
417,3,103,0,1
417,4,104,0,0
417,3,105,0,1
417,2,106,1,1
417,3,107,0,0
417,4,108,1,1
417,2,109,1,1
417,3,110,0,1
417,1,111,1,0
417,2,112,1,0
417,4,113,1,1
417,1,114,1,0
417,2,115,1,1
417,4,116,0,1
417,3,117,0,1
417,2,118,1,1
417,3,119,0,1
417,1,120,1,0
418,3,1,1,0
418,1,2,0,0
418,3,3,0,1
418,4,4,1,0
418,1,5,0,0
418,4,6,1,0
418,1,7,0,1
418,4,8,1,1
418,2,9,0,0
418,1,10,1,1
418,3,11,0,0
418,4,12,0,1
418,3,13,0,1
418,2,14,1,1
418,3,15,0,1
418,2,16,1,1
418,4,17,0,1
418,2,18,1,1
418,4,19,0,0
418,2,20,0,0
418,3,21,0,1
418,4,22,1,0
418,2,23,1,0
418,1,24,1,1
418,4,25,0,1
418,2,26,1,1
418,1,27,0,0
418,3,28,0,0
418,1,29,1,1
418,3,30,0,1
418,2,31,0,0
418,1,32,1,1
418,3,33,0,1
418,4,34,0,1
418,1,35,0,0
418,3,36,0,1
418,1,37,1,1
418,3,38,0,1
418,2,39,1,1
418,4,40,0,1
418,1,41,1,1
418,4,42,0,0
418,1,43,1,1
418,3,44,0,0
418,2,45,1,1
418,4,46,0,1
418,2,47,1,1
418,4,48,0,1
418,2,49,0,0
418,3,50,0,0
418,2,51,1,1
418,3,52,0,1
418,1,53,0,1
418,3,54,0,1
418,4,55,0,0
418,1,56,0,0
418,3,57,0,1
418,4,58,0,1
418,2,59,1,0
418,4,60,0,1
418,3,61,0,1
418,4,62,0,1
418,3,63,0,0
418,2,64,1,0
418,1,65,1,1
418,3,66,0,1
418,1,67,1,1
418,2,68,0,0
418,3,69,0,1
418,4,70,0,1
418,3,71,1,0
418,1,72,1,1
418,3,73,0,1
418,1,74,1,0
418,2,75,0,0
418,4,76,0,0
418,2,77,1,1
418,4,78,1,0
418,2,79,0,1
418,4,80,1,0
418,1,81,0,0
418,4,82,0,1
418,2,83,1,1
418,1,84,1,1
418,2,85,1,1
418,4,86,0,1
418,1,87,1,1
418,2,88,1,1
418,1,89,1,0
418,3,90,0,1
418,2,91,1,1
418,3,92,0,1
418,1,93,1,1
418,3,94,0,1
418,2,95,1,0
418,1,96,1,0
418,3,97,0,1
418,2,98,1,1
418,1,99,1,1
418,4,100,0,1
418,2,101,1,1
418,3,102,0,0
418,4,103,0,1
418,2,104,1,1
418,4,105,0,1
418,1,106,1,1
418,4,107,0,0
418,2,108,1,1
418,1,109,1,1
418,4,110,0,1
418,3,111,0,1
418,1,112,1,0
418,2,113,1,1
418,3,114,1,0
418,1,115,1,1
418,2,116,1,0
418,4,117,0,1
418,1,118,1,1
418,4,119,0,1
418,3,120,0,1
419,2,1,1,1
419,3,2,0,1
419,1,3,NaN,NaN
419,3,4,1,0
419,2,5,1,0
419,1,6,0,1
419,3,7,1,0
419,2,8,0,0
419,1,9,0,0
419,4,10,0,1
419,2,11,1,1
419,3,12,0,0
419,4,13,0,1
419,2,14,1,1
419,4,15,0,1
419,1,16,0,0
419,4,17,0,0
419,2,18,1,1
419,1,19,0,0
419,4,20,1,0
419,3,21,NaN,NaN
419,1,22,1,0
419,2,23,1,1
419,3,24,0,1
419,1,25,0,0
419,2,26,1,0
419,4,27,1,0
419,1,28,1,1
419,4,29,1,0
419,3,30,0,1
419,3,31,0,1
419,1,32,1,1
419,3,33,0,1
419,4,34,1,0
419,1,35,1,1
419,4,36,1,0
419,1,37,1,0
419,4,38,1,1
419,2,39,0,0
419,1,40,1,1
419,3,41,0,0
419,4,42,1,0
419,3,43,0,1
419,2,44,1,1
419,3,45,0,1
419,2,46,1,1
419,4,47,1,0
419,2,48,0,0
419,4,49,1,1
419,2,50,1,1
419,3,51,0,1
419,4,52,1,0
419,2,53,1,0
419,1,54,1,1
419,4,55,1,0
419,2,56,1,1
419,1,57,1,1
419,3,58,NaN,NaN
419,1,59,1,1
419,3,60,0,1
419,2,61,1,1
419,1,62,1,1
419,3,63,0,1
419,4,64,1,0
419,1,65,0,0
419,3,66,0,1
419,1,67,1,1
419,3,68,0,1
419,2,69,1,1
419,4,70,1,0
419,1,71,1,1
419,4,72,0,0
419,1,73,1,1
419,3,74,0,0
419,2,75,1,1
419,4,76,0,1
419,2,77,1,1
419,4,78,1,0
419,2,79,1,1
419,3,80,1,1
419,2,81,1,1
419,3,82,1,0
419,1,83,NaN,NaN
419,3,84,1,0
419,4,85,0,0
419,1,86,1,1
419,3,87,NaN,NaN
419,4,88,0,1
419,2,89,1,0
419,4,90,1,0
419,3,91,0,1
419,4,92,1,0
419,3,93,0,0
419,2,94,0,1
419,1,95,0,0
419,3,96,1,0
419,1,97,1,1
419,2,98,1,1
419,3,99,1,0
419,4,100,1,0
419,3,101,1,0
419,1,102,1,1
419,3,103,0,1
419,1,104,1,0
419,2,105,NaN,NaN
419,4,106,1,1
419,2,107,1,1
419,4,108,0,1
419,2,109,1,0
419,4,110,0,1
419,1,111,NaN,NaN
419,4,112,1,0
419,2,113,1,1
419,1,114,NaN,NaN
419,2,115,NaN,NaN
419,4,116,NaN,NaN
419,1,117,0,0
419,2,118,1,1
419,1,119,NaN,NaN
419,3,120,0,1
421,1,1,1,0
421,2,2,1,1
421,1,3,0,1
421,3,4,1,0
421,2,5,1,1
421,3,6,0,1
421,2,7,1,0
421,3,8,0,0
421,4,9,1,1
421,2,10,0,0
421,1,11,0,0
421,3,12,0,1
421,1,13,0,1
421,4,14,1,1
421,1,15,0,1
421,4,16,1,1
421,3,17,0,1
421,4,18,1,1
421,3,19,0,0
421,4,20,1,1
421,1,21,0,1
421,3,22,1,0
421,4,23,1,0
421,2,24,1,1
421,3,25,0,1
421,4,26,1,1
421,2,27,1,1
421,1,28,0,0
421,2,29,1,1
421,1,30,0,1
421,4,31,0,0
421,1,32,0,1
421,2,33,1,1
421,1,34,0,1
421,4,35,1,0
421,2,36,1,0
421,1,37,0,1
421,4,38,1,1
421,2,39,1,1
421,3,40,0,1
421,4,41,1,1
421,1,42,0,0
421,3,43,0,1
421,4,44,1,1
421,3,45,0,1
421,2,46,1,1
421,3,47,0,0
421,4,48,1,1
421,2,49,1,1
421,3,50,0,1
421,1,51,0,1
421,2,52,1,0
421,4,53,1,1
421,1,54,0,1
421,2,55,1,1
421,4,56,0,1
421,3,57,0,1
421,2,58,1,1
421,3,59,0,1
421,1,60,0,1
421,1,61,0,1
421,3,62,0,1
421,1,63,0,0
421,4,64,1,0
421,2,65,1,1
421,1,66,0,1
421,2,67,1,1
421,4,68,0,0
421,1,69,0,1
421,3,70,0,1
421,1,71,0,1
421,2,72,1,1
421,1,73,0,1
421,2,74,1,0
421,4,75,1,1
421,3,76,0,0
421,4,77,1,1
421,3,78,0,1
421,4,79,1,0
421,3,80,0,1
421,2,81,1,1
421,3,82,0,1
421,4,83,1,1
421,2,84,1,1
421,4,85,1,1
421,3,86,0,1
421,2,87,1,1
421,4,88,1,1
421,2,89,1,0
421,1,90,0,1
421,4,91,1,1
421,2,92,1,1
421,1,93,0,1
421,3,94,0,1
421,2,95,1,1
421,1,96,0,1
421,2,97,1,1
421,1,98,0,1
421,4,99,1,1
421,3,100,0,1
421,2,101,1,1
421,3,102,0,0
421,2,103,1,1
421,1,104,0,0
421,4,105,1,1
421,3,106,0,1
421,4,107,1,1
421,3,108,0,1
421,4,109,1,1
421,1,110,0,0
421,4,111,1,1
421,1,112,0,1
421,2,113,1,0
421,1,114,0,1
421,3,115,0,0
421,2,116,1,1
421,1,117,0,1
421,3,118,0,1
421,4,119,1,0
421,3,120,0,1
422,2,1,0,0
422,1,2,NaN,NaN
422,3,3,0,1
422,4,4,1,0
422,1,5,1,1
422,3,6,0,1
422,1,7,1,1
422,3,8,0,1
422,2,9,1,1
422,4,10,1,0
422,1,11,1,1
422,4,12,0,0
422,1,13,1,1
422,3,14,0,0
422,2,15,0,0
422,4,16,0,1
422,2,17,1,1
422,4,18,0,1
422,2,19,1,1
422,3,20,1,1
422,2,21,1,1
422,3,22,1,0
422,1,23,1,0
422,3,24,0,1
422,4,25,1,1
422,1,26,1,1
422,3,27,1,0
422,4,28,0,1
422,2,29,1,0
422,4,30,0,1
422,3,31,0,1
422,1,32,1,1
422,3,33,0,1
422,4,34,1,0
422,1,35,1,1
422,4,36,0,1
422,1,37,1,0
422,4,38,0,0
422,2,39,0,0
422,1,40,0,0
422,3,41,0,0
422,4,42,0,1
422,3,43,1,0
422,2,44,0,0
422,3,45,1,0
422,2,46,1,1
422,4,47,1,0
422,2,48,0,0
422,4,49,0,0
422,2,50,1,1
422,3,51,0,1
422,4,52,1,0
422,2,53,1,0
422,1,54,1,1
422,4,55,0,1
422,2,56,1,1
422,1,57,1,1
422,3,58,1,1
422,1,59,1,1
422,3,60,1,0
422,2,61,1,1
422,3,62,1,0
422,1,63,1,1
422,3,64,1,0
422,2,65,0,1
422,1,66,1,0
422,3,67,0,1
422,2,68,0,0
422,1,69,1,1
422,4,70,1,0
422,2,71,1,1
422,3,72,0,0
422,4,73,1,0
422,2,74,1,1
422,4,75,0,1
422,1,76,1,1
422,4,77,0,0
422,2,78,1,1
422,1,79,1,1
422,4,80,1,0
422,3,81,1,0
422,1,82,1,0
422,2,83,1,1
422,3,84,0,1
422,1,85,0,0
422,2,86,0,1
422,4,87,1,0
422,1,88,1,1
422,4,89,1,0
422,3,90,0,1
422,3,91,0,1
422,4,92,1,0
422,3,93,0,0
422,2,94,1,0
422,1,95,1,1
422,3,96,1,0
422,1,97,1,1
422,2,98,0,0
422,3,99,1,0
422,4,100,1,0
422,3,101,0,1
422,1,102,1,1
422,3,103,0,1
422,1,104,1,0
422,2,105,0,0
422,4,106,1,1
422,2,107,0,0
422,4,108,1,0
422,2,109,0,1
422,4,110,1,0
422,1,111,1,1
422,4,112,0,1
422,2,113,1,1
422,1,114,1,1
422,2,115,0,0
422,4,116,0,1
422,1,117,1,1
422,2,118,0,0
422,1,119,1,0
422,3,120,0,1
423,3,1,1,1
423,2,2,0,1
423,4,3,0,0
423,2,4,0,1
423,3,5,1,0
423,4,6,1,0
423,2,7,0,1
423,3,8,0,0
423,4,9,0,0
423,1,10,0,1
423,3,11,1,1
423,2,12,0,0
423,1,13,0,1
423,3,14,1,1
423,1,15,0,1
423,4,16,1,1
423,1,17,0,0
423,3,18,1,1
423,4,19,1,1
423,1,20,0,1
423,2,21,1,0
423,4,22,1,0
423,3,23,1,1
423,2,24,0,1
423,4,25,0,0
423,3,26,1,0
423,1,27,0,1
423,4,28,0,0
423,1,29,0,1
423,2,30,1,0
423,2,31,0,1
423,1,32,0,1
423,2,33,0,0
423,3,34,1,0
423,4,35,0,0
423,2,36,1,0
423,4,37,1,1
423,3,38,0,0
423,2,39,0,1
423,1,40,0,1
423,2,41,1,0
423,4,42,1,1
423,2,43,0,1
423,4,44,1,0
423,3,45,0,0
423,1,46,0,0
423,3,47,1,1
423,1,48,1,0
423,3,49,1,0
423,1,50,0,1
423,4,51,1,1
423,1,52,0,1
423,3,53,1,1
423,4,54,1,1
423,3,55,1,1
423,1,56,0,1
423,4,57,1,1
423,3,58,1,1
423,4,59,1,0
423,2,60,0,1
423,3,61,1,1
423,4,62,1,1
423,2,63,0,1
423,1,64,0,1
423,4,65,1,1
423,2,66,0,1
423,4,67,1,1
423,2,68,0,1
423,3,69,1,1
423,1,70,0,1
423,4,71,1,1
423,1,72,0,0
423,4,73,1,1
423,2,74,0,0
423,3,75,1,1
423,1,76,0,1
423,3,77,1,1
423,1,78,0,1
423,3,79,1,1
423,2,80,0,0
423,3,81,1,1
423,2,82,1,0
423,4,83,1,0
423,2,84,0,1
423,1,85,0,0
423,4,86,0,0
423,2,87,1,0
423,1,88,0,1
423,3,89,1,0
423,1,90,1,0
423,2,91,1,0
423,4,92,0,0
423,2,93,0,1
423,1,94,0,1
423,4,95,0,0
423,1,96,0,1
423,4,97,1,0
423,1,98,0,0
423,3,99,1,1
423,4,100,1,1
423,2,101,0,0
423,1,102,0,1
423,2,103,1,0
423,3,104,1,1
423,2,105,0,1
423,3,106,1,1
423,1,107,0,1
423,3,108,1,1
423,1,109,0,0
423,3,110,1,1
423,2,111,1,0
423,1,112,0,1
423,3,113,1,0
423,4,114,1,1
423,1,115,1,0
423,3,116,0,0
423,4,117,1,1
423,2,118,0,0
423,4,119,1,1
423,2,120,0,1
424,3,1,1,1
424,4,2,1,1
424,2,3,1,0
424,1,4,1,0
424,4,5,1,1
424,2,6,0,1
424,4,7,1,1
424,2,8,0,1
424,3,9,1,1
424,1,10,0,1
424,4,11,1,1
424,1,12,0,0
424,4,13,1,1
424,2,14,0,0
424,3,15,1,1
424,1,16,0,1
424,3,17,1,1
424,1,18,0,1
424,3,19,1,1
424,2,20,0,0
424,3,21,1,1
424,2,22,1,0
424,4,23,1,0
424,2,24,0,1
424,1,25,0,0
424,4,26,1,1
424,2,27,0,1
424,1,28,1,0
424,3,29,1,0
424,1,30,0,1
424,2,31,0,1
424,1,32,0,1
424,2,33,0,0
424,3,34,1,0
424,4,35,1,1
424,2,36,0,1
424,4,37,0,0
424,3,38,1,1
424,2,39,1,0
424,1,40,0,1
424,2,41,0,1
424,4,42,1,1
424,2,43,0,1
424,4,44,0,1
424,3,45,0,0
424,1,46,1,1
424,3,47,1,1
424,1,48,0,1
424,3,49,1,0
424,1,50,1,0
424,4,51,0,0
424,1,52,1,0
424,3,53,0,0
424,4,54,1,1
424,3,55,1,1
424,1,56,0,1
424,4,57,1,1
424,3,58,0,0
424,4,59,1,0
424,2,60,0,1
424,3,61,0,0
424,2,62,1,0
424,4,63,1,1
424,2,64,0,1
424,3,65,1,0
424,4,66,1,0
424,2,67,0,1
424,3,68,0,0
424,4,69,1,1
424,1,70,1,0
424,3,71,0,0
424,2,72,1,1
424,1,73,1,0
424,3,74,1,1
424,1,75,0,1
424,4,76,1,1
424,1,77,0,0
424,3,78,1,1
424,4,79,1,1
424,1,80,1,0
424,2,81,1,0
424,4,82,1,0
424,3,83,0,0
424,2,84,1,0
424,4,85,0,0
424,3,86,1,0
424,1,87,0,1
424,4,88,1,1
424,1,89,1,0
424,2,90,0,1
424,2,91,1,0
424,4,92,1,1
424,2,93,0,1
424,1,94,1,0
424,4,95,1,1
424,1,96,0,1
424,4,97,1,0
424,1,98,0,0
424,3,99,1,1
424,4,100,1,1
424,2,101,0,0
424,1,102,1,0
424,2,103,1,0
424,3,104,1,1
424,2,105,0,1
424,3,106,1,1
424,1,107,0,1
424,3,108,1,1
424,1,109,0,0
424,3,110,1,1
424,2,111,0,1
424,1,112,0,1
424,3,113,1,0
424,4,114,1,1
424,1,115,0,1
424,3,116,1,1
424,4,117,0,0
424,2,118,1,1
424,4,119,1,1
424,2,120,1,0
425,4,1,1,1
425,1,2,0,1
425,2,3,1,1
425,1,4,0,1
425,4,5,1,0
425,2,6,0,1
425,1,7,0,1
425,4,8,1,1
425,2,9,0,0
425,3,10,0,1
425,4,11,1,1
425,1,12,0,0
425,3,13,0,1
425,4,14,1,1
425,3,15,0,1
425,2,16,1,1
425,3,17,0,0
425,4,18,NaN,NaN
425,2,19,0,0
425,3,20,0,1
425,1,21,0,1
425,2,22,1,0
425,4,23,1,1
425,1,24,1,0
425,2,25,1,1
425,4,26,NaN,NaN
425,3,27,0,1
425,2,28,0,0
425,3,29,0,1
425,1,30,1,0
425,1,31,1,0
425,2,32,1,1
425,1,33,NaN,NaN
425,3,34,0,1
425,2,35,0,0
425,3,36,0,1
425,2,37,1,0
425,3,38,0,0
425,4,39,1,1
425,2,40,1,1
425,1,41,0,0
425,3,42,0,1
425,1,43,0,1
425,4,44,1,1
425,1,45,0,1
425,4,46,1,1
425,3,47,0,1
425,4,48,1,1
425,3,49,NaN,NaN
425,4,50,0,0
425,1,51,0,1
425,3,52,0,1
425,4,53,1,0
425,2,54,1,1
425,3,55,0,1
425,4,56,1,1
425,2,57,1,1
425,1,58,1,1
425,2,59,0,0
425,1,60,1,0
425,4,61,1,1
425,2,62,1,1
425,1,63,0,1
425,3,64,0,1
425,2,65,1,1
425,1,66,0,1
425,2,67,1,1
425,1,68,0,1
425,4,69,1,1
425,3,70,0,1
425,2,71,1,1
425,3,72,0,0
425,2,73,NaN,NaN
425,1,74,1,1
425,4,75,1,1
425,3,76,NaN,NaN
425,4,77,1,1
425,3,78,0,1
425,4,79,0,0
425,1,80,0,0
425,4,81,1,1
425,1,82,1,0
425,2,83,NaN,NaN
425,1,84,1,0
425,3,85,0,0
425,2,86,NaN,NaN
425,1,87,1,0
425,3,88,0,1
425,4,89,NaN,NaN
425,3,90,0,1
425,1,91,0,1
425,3,92,0,1
425,1,93,0,0
425,4,94,1,0
425,2,95,NaN,NaN
425,1,96,0,1
425,2,97,0,0
425,4,98,1,1
425,1,99,NaN,NaN
425,3,100,0,1
425,1,101,0,1
425,2,102,NaN,NaN
425,1,103,1,0
425,2,104,1,0
425,4,105,1,1
425,3,106,NaN,NaN
425,4,107,1,1
425,3,108,0,1
425,4,109,1,0
425,3,110,0,1
425,2,111,1,1
425,3,112,NaN,NaN
425,4,113,1,1
425,2,114,1,1
425,4,115,1,1
425,3,116,0,1
425,2,117,NaN,NaN
425,4,118,1,1
425,2,119,NaN,NaN
425,1,120,NaN,NaN
